<?xml version="1.0" encoding="UTF-8" standalone="yes"?>
<manifest>
  <control namespace="BalaControls" constructor="InputMask" version="1.0.0" display-name-key="Input Mask Control" description-key="Formats phone numbers automatically" control-type="standard" api-version="1.3.18">
    <external-service-usage enabled="false"/>
    <property name="maskedValue" display-name-key="Phone Number" description-key="The field to mask" of-type="SingleLine.Text" usage="bound" required="true"/>
    <resources>
      <code path="bundle.js" order="1"/>
      <css path="css/InputMask.css" order="1"/>
    </resources>
    <feature-usage/>
    <built-by name="pac" version="1.51.1"/>
  </control>
</manifest>